               epoch,      train/box_loss,      train/obj_loss,      train/cls_loss,   metrics/precision,      metrics/recall,     metrics/mAP_0.5,metrics/mAP_0.5:0.95,        val/box_loss,        val/obj_loss,        val/cls_loss,               x/lr0,               x/lr1,               x/lr2
0,0.12314,0.054947,0.058488,0.0053898,0.020131,0.0021391,0.00038342,0.11447,0.042137,0.058264,5.00E-05,5.00E-05,0.09955
1,0.11321,0.060846,0.057023,0.0085535,0.026471,0.0039024,0.00074627,0.097497,0.043285,0.056816,0.00011,0.00011,0.09901
2,0.10275,0.065977,0.056018,0.018924,0.040376,0.0081397,0.0016204,0.080847,0.046418,0.05517,0.00017,0.00017,0.09847
3,0.097659,0.065433,0.054687,0.030177,0.071894,0.016544,0.0035109,0.070442,0.050948,0.0535,0.00023,0.00023,0.09793
4,0.089721,0.079054,0.052891,0.059984,0.11122,0.035642,0.008485,0.065501,0.052047,0.052046,0.00028999,0.00028999,0.09739
5,0.087662,0.071185,0.051333,0.081826,0.16687,0.05896,0.013606,0.061742,0.051254,0.050787,0.00034998,0.00034998,0.09685
6,0.079255,0.076697,0.050209,0.27012,0.19549,0.087295,0.021269,0.059686,0.047526,0.04952,0.00040997,0.00040997,0.09631
7,0.074321,0.071328,0.048229,0.079487,0.30488,0.11501,0.03151,0.055208,0.042756,0.048327,0.00046995,0.00046995,0.09577
8,0.068199,0.065212,0.047764,0.16137,0.64385,0.16087,0.049675,0.052114,0.041352,0.047607,0.00052992,0.00052992,0.09523
9,0.064465,0.062323,0.047238,0.18512,0.69798,0.15949,0.054962,0.048773,0.041559,0.047095,0.00058989,0.00058989,0.09469
10,0.06029,0.060395,0.045666,0.57762,0.35199,0.14307,0.043716,0.048011,0.040396,0.04674,0.00064986,0.00064986,0.09415
11,0.056316,0.048125,0.045483,0.58719,0.3761,0.16558,0.063539,0.043747,0.034696,0.046445,0.00070981,0.00070981,0.09361
12,0.054761,0.050409,0.045368,0.087326,0.64634,0.16536,0.060048,0.042977,0.032114,0.046062,0.00076975,0.00076975,0.09307
13,0.054234,0.04685,0.043721,0.59805,0.28035,0.19682,0.087637,0.043526,0.028347,0.04624,0.00082969,0.00082969,0.09253
14,0.055483,0.045746,0.044661,0.59541,0.43437,0.21953,0.10371,0.040323,0.025604,0.045751,0.00088961,0.00088961,0.09199
15,0.050215,0.043694,0.044139,0.10087,0.62625,0.1977,0.080786,0.03936,0.025236,0.045315,0.00094953,0.00094953,0.09145
16,0.051552,0.042615,0.043977,0.080726,0.66735,0.19711,0.085885,0.048015,0.024614,0.045134,0.0010094,0.0010094,0.090909
17,0.051414,0.039814,0.042241,0.11219,0.68459,0.22726,0.10931,0.036219,0.023145,0.045074,0.0010693,0.0010693,0.090369
18,0.049269,0.040581,0.042229,0.59198,0.35017,0.18974,0.082244,0.045366,0.02363,0.044587,0.0011292,0.0011292,0.089829
19,0.049195,0.041028,0.042685,0.62464,0.34596,0.23212,0.10087,0.038027,0.022729,0.044198,0.001189,0.001189,0.089289
20,0.049499,0.040635,0.042538,0.62263,0.37788,0.24255,0.1105,0.034877,0.022204,0.044083,0.0012489,0.0012489,0.088749
21,0.048557,0.03585,0.041698,0.61744,0.37602,0.23015,0.1066,0.03925,0.022242,0.043802,0.0013087,0.0013087,0.088209
22,0.048426,0.040358,0.041208,0.61152,0.3492,0.21062,0.079078,0.047639,0.022312,0.043663,0.0013685,0.0013685,0.087669
23,0.049806,0.040563,0.040456,0.661,0.39247,0.28278,0.14358,0.035137,0.02144,0.043702,0.0014283,0.0014283,0.087128
24,0.047976,0.040218,0.041577,0.68441,0.37847,0.30365,0.16233,0.032789,0.02089,0.043672,0.0014881,0.0014881,0.086588
25,0.045845,0.034606,0.039472,0.61335,0.36408,0.22088,0.10432,0.044933,0.021323,0.043521,0.0015478,0.0015478,0.086048
26,0.047279,0.038867,0.04155,0.68818,0.33389,0.30863,0.15739,0.037425,0.020603,0.043455,0.0016076,0.0016076,0.085508
27,0.046349,0.035807,0.03883,0.64239,0.35144,0.25869,0.12176,0.040711,0.021006,0.043281,0.0016673,0.0016673,0.084967
28,0.044691,0.036381,0.039834,0.65269,0.38183,0.27093,0.11668,0.04173,0.020356,0.042506,0.001727,0.001727,0.084427
29,0.046949,0.036928,0.038902,0.6562,0.42973,0.32364,0.15598,0.039073,0.020362,0.042518,0.0017867,0.0017867,0.083887
30,0.045491,0.039872,0.038043,0.68219,0.40769,0.31674,0.15745,0.034407,0.019773,0.042689,0.0018463,0.0018463,0.083346
31,0.04349,0.037569,0.03784,0.66343,0.38981,0.30598,0.12996,0.038121,0.020148,0.042137,0.0019059,0.0019059,0.082806
32,0.04402,0.038845,0.037843,0.69284,0.40033,0.34412,0.17704,0.033015,0.01956,0.042703,0.0019655,0.0019655,0.082266
33,0.042992,0.039456,0.037835,0.7071,0.38378,0.35599,0.18581,0.031128,0.019199,0.041976,0.0020251,0.0020251,0.081725
34,0.04247,0.037786,0.036991,0.68179,0.37472,0.33034,0.17614,0.036263,0.019432,0.041186,0.0020846,0.0020846,0.081185
35,0.044442,0.036409,0.035357,0.67175,0.39244,0.30695,0.15573,0.035887,0.01888,0.040789,0.0021442,0.0021442,0.080644
36,0.04127,0.036289,0.036724,0.71055,0.39635,0.36933,0.21014,0.031871,0.019297,0.040271,0.0022036,0.0022036,0.080104
37,0.044021,0.038629,0.034272,0.72278,0.39271,0.38541,0.21013,0.034101,0.018837,0.03998,0.0022631,0.0022631,0.079563
38,0.043085,0.038414,0.035973,0.76967,0.38477,0.41234,0.22353,0.034283,0.01922,0.039096,0.0023225,0.0023225,0.079023
39,0.042101,0.036349,0.034364,0.74883,0.35444,0.3748,0.21949,0.031659,0.01887,0.039165,0.0023819,0.0023819,0.078482
40,0.040509,0.033215,0.034333,0.75993,0.38413,0.39732,0.2266,0.031375,0.019054,0.039406,0.0024413,0.0024413,0.077941
41,0.040941,0.034902,0.034316,0.78685,0.38365,0.42078,0.25434,0.03116,0.018919,0.03797,0.0025006,0.0025006,0.077401
42,0.040573,0.033931,0.032941,0.76428,0.38658,0.41688,0.24551,0.029149,0.018286,0.037301,0.0025599,0.0025599,0.07686
43,0.038809,0.034541,0.033466,0.82078,0.37206,0.43128,0.26141,0.026824,0.018269,0.037185,0.0026192,0.0026192,0.076319
44,0.03758,0.034863,0.032447,0.79669,0.42756,0.43955,0.2672,0.026529,0.018402,0.037369,0.0026785,0.0026785,0.075778
45,0.038133,0.034278,0.033263,0.80284,0.38172,0.42697,0.23165,0.032218,0.018749,0.03644,0.0027377,0.0027377,0.075238
46,0.040447,0.035441,0.031413,0.79991,0.4316,0.46775,0.28288,0.027855,0.018061,0.036232,0.0027968,0.0027968,0.074697
47,0.038712,0.035949,0.031253,0.79919,0.37682,0.42855,0.22554,0.033558,0.018446,0.034812,0.0028559,0.0028559,0.074156
48,0.038879,0.032417,0.031963,0.7866,0.39015,0.39467,0.18472,0.032526,0.018379,0.033876,0.002915,0.002915,0.073615
49,0.03674,0.033339,0.032303,0.84847,0.43963,0.49328,0.29603,0.025123,0.017496,0.034543,0.0029741,0.0029741,0.073074
50,0.03988,0.037051,0.029662,0.82503,0.3849,0.44624,0.23174,0.031859,0.018279,0.032963,0.0030331,0.0030331,0.072533
51,0.036742,0.032088,0.0304,0.82083,0.4187,0.4708,0.25923,0.028445,0.018368,0.033143,0.0030921,0.0030921,0.071992
52,0.037168,0.03444,0.029589,0.72214,0.39963,0.36113,0.16626,0.033372,0.018054,0.03272,0.003151,0.003151,0.071451
53,0.038778,0.034373,0.028479,0.83066,0.43451,0.47919,0.2668,0.031276,0.0177,0.034167,0.0032099,0.0032099,0.07091
54,0.038299,0.033748,0.029047,0.89092,0.40844,0.5153,0.29707,0.027753,0.017314,0.033132,0.0032687,0.0032687,0.070369
55,0.037214,0.033453,0.028634,0.86248,0.43514,0.50473,0.30316,0.026697,0.017159,0.030623,0.0033276,0.0033276,0.069828
56,0.036091,0.03175,0.02878,0.27523,0.67664,0.43429,0.22736,0.030861,0.018388,0.035227,0.0033863,0.0033863,0.069286
57,0.036935,0.036658,0.028571,0.82528,0.39327,0.47287,0.25653,0.029188,0.018627,0.033661,0.003445,0.003445,0.068745
58,0.03547,0.03473,0.02596,0.88967,0.43091,0.50316,0.29633,0.027525,0.017588,0.030263,0.0035037,0.0035037,0.068204
59,0.03579,0.033173,0.026113,0.91137,0.45299,0.55602,0.37466,0.024621,0.016906,0.028576,0.0035623,0.0035623,0.067662
60,0.035473,0.033013,0.025159,0.83533,0.44166,0.53265,0.30317,0.027778,0.017398,0.026566,0.0036209,0.0036209,0.067121
61,0.035358,0.031994,0.025179,0.90228,0.45714,0.58137,0.37434,0.025134,0.016931,0.029241,0.0036794,0.0036794,0.066579
62,0.034372,0.034573,0.024518,0.85818,0.45349,0.56577,0.34052,0.029402,0.017654,0.028162,0.0037379,0.0037379,0.066038
63,0.038468,0.034475,0.024158,0.91042,0.45685,0.55235,0.30424,0.030984,0.017748,0.026825,0.0037964,0.0037964,0.065496
64,0.037963,0.034839,0.024083,0.85673,0.45312,0.54316,0.33615,0.028963,0.017364,0.02535,0.0038547,0.0038547,0.064955
65,0.035203,0.033205,0.023895,0.32797,0.87934,0.62344,0.37599,0.027966,0.016926,0.027773,0.0039131,0.0039131,0.064413
66,0.035237,0.03481,0.023872,0.36915,0.81229,0.64426,0.41766,0.026073,0.017242,0.023764,0.0039713,0.0039713,0.063871
67,0.03566,0.035708,0.023459,0.37256,0.72981,0.59288,0.3196,0.029234,0.017031,0.024628,0.0040296,0.0040296,0.06333
68,0.036995,0.032292,0.022474,0.40393,0.76179,0.63496,0.3783,0.028659,0.016578,0.023164,0.0040878,0.0040878,0.062788
69,0.034448,0.033206,0.022403,0.43155,0.7656,0.63451,0.42341,0.027454,0.017072,0.023399,0.0041459,0.0041459,0.062246
70,0.033189,0.035887,0.023195,0.41956,0.87419,0.64813,0.41486,0.025352,0.016943,0.030524,0.0042039,0.0042039,0.061704
71,0.033886,0.03227,0.02214,0.34584,0.6681,0.49556,0.29731,0.030867,0.020452,0.031804,0.004262,0.004262,0.061162
72,0.033626,0.032838,0.021149,0.43367,0.79118,0.61788,0.38553,0.0284,0.017207,0.027819,0.0043199,0.0043199,0.06062
73,0.035347,0.034021,0.022104,0.49767,0.63266,0.65828,0.39042,0.029939,0.01724,0.023229,0.0043778,0.0043778,0.060078
74,0.035089,0.03238,0.021679,0.52927,0.70526,0.70023,0.50534,0.025178,0.016207,0.021006,0.0044356,0.0044356,0.059536
75,0.031755,0.032726,0.021601,0.57835,0.65682,0.6872,0.47255,0.02494,0.016718,0.021913,0.0044934,0.0044934,0.058993
76,0.033814,0.034286,0.019728,0.51426,0.69673,0.69211,0.46473,0.028618,0.016669,0.019257,0.0045512,0.0045512,0.058451
77,0.03486,0.03316,0.020364,0.52761,0.68854,0.68905,0.44363,0.027807,0.016732,0.021364,0.0046088,0.0046088,0.057909
78,0.034792,0.030027,0.019993,0.47963,0.70769,0.65225,0.43,0.028444,0.01723,0.026819,0.0046664,0.0046664,0.057366
79,0.033222,0.034675,0.019967,0.58846,0.70586,0.72525,0.49837,0.022435,0.015797,0.0198,0.004724,0.004724,0.056824
80,0.033934,0.029969,0.019998,0.6082,0.69762,0.72869,0.52125,0.024474,0.016263,0.018401,0.0047814,0.0047814,0.056281
81,0.034539,0.032728,0.018551,0.62828,0.75051,0.76244,0.52769,0.025493,0.016639,0.019635,0.0048388,0.0048388,0.055739
82,0.035393,0.031757,0.017895,0.60382,0.74801,0.73738,0.5055,0.027769,0.016316,0.018505,0.0048962,0.0048962,0.055196
83,0.046866,0.032882,0.017758,0.44952,0.64592,0.52122,0.22978,0.046893,0.018339,0.018825,0.0049535,0.0049535,0.054653
84,0.051424,0.035732,0.018877,0.48974,0.83034,0.73462,0.47676,0.034405,0.016738,0.019391,0.0050107,0.0050107,0.054111
85,0.046218,0.037776,0.017818,0.48314,0.74932,0.68788,0.43663,0.033109,0.017854,0.016923,0.0050679,0.0050679,0.053568
86,0.040529,0.033957,0.019198,0.39009,0.76257,0.63829,0.4099,0.031072,0.0173,0.021212,0.005125,0.005125,0.053025
87,0.040518,0.041223,0.018726,0.5002,0.68634,0.63648,0.41897,0.030179,0.018735,0.023815,0.005182,0.005182,0.052482
88,0.040564,0.036724,0.018106,0.44178,0.72611,0.58842,0.37742,0.029449,0.018157,0.030199,0.0052389,0.0052389,0.051939
89,0.038664,0.03559,0.019068,0.54606,0.80876,0.72524,0.47597,0.026146,0.016434,0.018772,0.0052958,0.0052958,0.051396
90,0.04299,0.034115,0.018065,0.56511,0.77397,0.72618,0.49295,0.031279,0.016525,0.019485,0.0053526,0.0053526,0.050853
91,0.04029,0.033075,0.018335,0.62154,0.76112,0.72574,0.46482,0.024459,0.016498,0.01705,0.0054094,0.0054094,0.050309
92,0.038392,0.032101,0.017802,0.62734,0.76431,0.76429,0.45712,0.028437,0.0165,0.016832,0.005466,0.005466,0.049766
93,0.043644,0.033284,0.01745,0.66426,0.79609,0.74751,0.49728,0.027982,0.01639,0.016089,0.0055226,0.0055226,0.049223
94,0.037462,0.033881,0.017133,0.79479,0.81775,0.81807,0.56301,0.023964,0.015966,0.017045,0.0055792,0.0055792,0.048679
95,0.040261,0.033881,0.017199,0.58068,0.78464,0.75956,0.4996,0.027363,0.016705,0.015217,0.0056356,0.0056356,0.048136
96,0.038628,0.029072,0.016888,0.6371,0.80262,0.76955,0.44662,0.028838,0.016378,0.017261,0.005692,0.005692,0.047592
97,0.041358,0.034276,0.015998,0.67662,0.82849,0.81113,0.51011,0.027263,0.016272,0.014386,0.0057483,0.0057483,0.047048
98,0.0385,0.035319,0.014144,0.69941,0.82974,0.82077,0.52116,0.028866,0.015965,0.015771,0.0058045,0.0058045,0.046505
99,0.040163,0.034539,0.016888,0.6864,0.82451,0.83894,0.48108,0.028137,0.01585,0.015153,0.0058607,0.0058607,0.045961
100,0.035103,0.028519,0.013832,0.68982,0.85028,0.83521,0.48178,0.027123,0.015483,0.014139,0.0059168,0.0059168,0.045417
101,0.038903,0.032437,0.016841,0.68755,0.81397,0.8386,0.59463,0.024489,0.015958,0.017967,0.0059727,0.0059727,0.044873
102,0.035831,0.031024,0.015006,0.64668,0.86913,0.8417,0.58363,0.024548,0.016071,0.017751,0.0060287,0.0060287,0.044329
103,0.038098,0.0314,0.014492,0.63427,0.84641,0.80897,0.50446,0.030471,0.015815,0.017807,0.0060845,0.0060845,0.043785
104,0.035782,0.030975,0.014573,0.82542,0.8033,0.84558,0.57878,0.02445,0.016039,0.016489,0.0061403,0.0061403,0.04324
105,0.035026,0.033726,0.014176,0.63545,0.85896,0.82698,0.60635,0.024125,0.016174,0.016467,0.0061959,0.0061959,0.042696
106,0.033647,0.031736,0.014958,0.74414,0.81544,0.82182,0.55021,0.025501,0.015309,0.016295,0.0062515,0.0062515,0.042152
107,0.042253,0.034703,0.014008,0.74284,0.77051,0.80305,0.54523,0.02644,0.016263,0.019399,0.006307,0.006307,0.041607
108,0.035895,0.034268,0.01454,0.74677,0.77098,0.81012,0.56297,0.025179,0.015703,0.01981,0.0063625,0.0063625,0.041062
109,0.034946,0.033678,0.013355,0.80274,0.78473,0.82759,0.64257,0.020581,0.015565,0.018118,0.0064178,0.0064178,0.040518
110,0.035677,0.035351,0.012779,0.61501,0.88785,0.80074,0.54456,0.025489,0.016392,0.021519,0.0064731,0.0064731,0.039973
111,0.033132,0.03178,0.013185,0.75985,0.7854,0.83329,0.60096,0.022757,0.016609,0.017411,0.0065283,0.0065283,0.039428
112,0.041269,0.035373,0.012208,0.73767,0.8265,0.82944,0.55695,0.02993,0.015971,0.016292,0.0065834,0.0065834,0.038883
113,0.034213,0.035996,0.013356,0.83396,0.8235,0.86705,0.64066,0.021776,0.015113,0.01308,0.0066384,0.0066384,0.038338
114,0.038172,0.032792,0.012068,0.72041,0.79618,0.81032,0.49054,0.029328,0.016429,0.013511,0.0066933,0.0066933,0.037793
115,0.030354,0.029526,0.012486,0.71973,0.83681,0.83523,0.6152,0.022343,0.015898,0.01564,0.0067481,0.0067481,0.037248
116,0.032855,0.029397,0.01316,0.68385,0.91487,0.80774,0.6093,0.020985,0.015355,0.020304,0.0068028,0.0068028,0.036703
117,0.033276,0.029038,0.012836,0.89671,0.77262,0.85817,0.62066,0.021837,0.014971,0.013962,0.0068575,0.0068575,0.036157
118,0.029671,0.029783,0.012575,0.71105,0.83842,0.82032,0.58806,0.022774,0.015566,0.014119,0.0069121,0.0069121,0.035612
119,0.032846,0.030154,0.011905,0.76329,0.95842,0.871,0.64732,0.023899,0.014963,0.0092443,0.0069665,0.0069665,0.035067
120,0.031483,0.029727,0.013391,0.76689,0.82749,0.82756,0.61076,0.020822,0.014785,0.014602,0.0070209,0.0070209,0.034521
121,0.03271,0.030866,0.012503,0.7159,0.95984,0.86361,0.63212,0.02597,0.014724,0.014737,0.0070752,0.0070752,0.033975
122,0.035537,0.034674,0.012175,0.90362,0.7899,0.85705,0.65436,0.021879,0.015318,0.01423,0.0071294,0.0071294,0.033429
123,0.029291,0.027933,0.011783,0.77699,0.80964,0.84433,0.5665,0.024795,0.016225,0.016496,0.0071835,0.0071835,0.032883
124,0.031696,0.028927,0.012462,0.75659,0.91395,0.88091,0.67076,0.021157,0.014407,0.013305,0.0072375,0.0072375,0.032337
125,0.032298,0.034069,0.011725,0.78844,0.94786,0.87698,0.56223,0.024363,0.015601,0.011082,0.0072914,0.0072914,0.031791
126,0.035096,0.028811,0.013695,0.71005,0.90881,0.86673,0.60073,0.025278,0.015138,0.0097712,0.0073452,0.0073452,0.031245
127,0.031984,0.030216,0.011246,0.79946,0.97686,0.87806,0.66528,0.021486,0.014144,0.0074468,0.0073989,0.0073989,0.030699
128,0.031964,0.032603,0.01153,0.70926,0.97418,0.85921,0.63491,0.025045,0.014979,0.010331,0.0074525,0.0074525,0.030153
129,0.03101,0.033409,0.010202,0.7996,0.97626,0.8793,0.67108,0.023141,0.015771,0.0068553,0.007506,0.007506,0.029606
130,0.03241,0.029335,0.010389,0.70019,0.92758,0.84605,0.63843,0.022221,0.015034,0.012337,0.0075595,0.0075595,0.029059
131,0.030379,0.028004,0.01278,0.77576,0.97266,0.8853,0.7012,0.020793,0.014286,0.0069189,0.0076128,0.0076128,0.028513
132,0.028681,0.032666,0.011293,0.78162,0.91914,0.87949,0.68293,0.021658,0.015023,0.0082209,0.007666,0.007666,0.027966
133,0.031958,0.032577,0.010817,0.77073,0.9426,0.88338,0.69849,0.02068,0.015164,0.010868,0.0077191,0.0077191,0.027419
134,0.031536,0.029922,0.010118,0.81396,0.75114,0.82354,0.577,0.030088,0.016455,0.011868,0.0077722,0.0077722,0.026872
135,0.03493,0.030239,0.010802,0.74324,0.87424,0.84005,0.63815,0.023642,0.016153,0.015752,0.0078251,0.0078251,0.026325
136,0.029079,0.028204,0.010843,0.81819,0.83777,0.87679,0.68558,0.021614,0.014688,0.011453,0.0078779,0.0078779,0.025778
137,0.029109,0.030914,0.0086295,0.78602,0.93941,0.89508,0.68818,0.01884,0.014113,0.010054,0.0079306,0.0079306,0.025231
138,0.030086,0.031198,0.010484,0.78406,0.98463,0.89138,0.72012,0.01987,0.014158,0.0098067,0.0079832,0.0079832,0.024683
139,0.028396,0.030471,0.01066,0.8033,0.97581,0.89451,0.69625,0.02227,0.014433,0.007236,0.0080357,0.0080357,0.024136
140,0.03036,0.028873,0.010065,0.79973,0.96282,0.90086,0.72118,0.021585,0.014313,0.010249,0.0080881,0.0080881,0.023588
141,0.031082,0.031547,0.010149,0.74358,0.94444,0.89402,0.65949,0.024108,0.01466,0.0048636,0.0081404,0.0081404,0.02304
142,0.028059,0.032727,0.010271,0.9532,0.81869,0.89168,0.72608,0.019685,0.013814,0.0085335,0.0081926,0.0081926,0.022493
143,0.028789,0.029519,0.0096296,0.77994,0.95042,0.89554,0.65579,0.021547,0.014377,0.0098116,0.0082447,0.0082447,0.021945
144,0.026984,0.029108,0.0099725,0.95165,0.84315,0.90493,0.70871,0.020299,0.013879,0.012028,0.0082966,0.0082966,0.021397
145,0.027514,0.030712,0.0098945,0.81834,0.84971,0.88672,0.63226,0.022101,0.014801,0.014643,0.0083485,0.0083485,0.020848
146,0.029081,0.032551,0.0092472,0.94361,0.84474,0.92261,0.69326,0.023405,0.015619,0.01082,0.0084002,0.0084002,0.0203
147,0.027122,0.028811,0.0098099,0.85081,0.91559,0.92661,0.71754,0.021538,0.014479,0.0088977,0.0084519,0.0084519,0.019752
148,0.029845,0.031189,0.0096175,0.88393,0.90974,0.93948,0.70823,0.021914,0.014425,0.0079866,0.0085034,0.0085034,0.019203
149,0.027268,0.028276,0.0085696,0.86209,0.88101,0.92185,0.66207,0.022904,0.014809,0.0085648,0.0085548,0.0085548,0.018655
150,0.027896,0.028596,0.0088637,0.89142,0.88909,0.94772,0.74682,0.018541,0.013511,0.0071489,0.0086061,0.0086061,0.018106
151,0.032191,0.033724,0.0086013,0.89217,0.89832,0.94715,0.70601,0.021785,0.01438,0.01071,0.0086573,0.0086573,0.017557
152,0.026831,0.029095,0.0098665,0.87288,0.91779,0.9416,0.74651,0.019096,0.015051,0.0099201,0.0087084,0.0087084,0.017008
153,0.031524,0.028351,0.0092668,0.87201,0.876,0.92621,0.75068,0.017051,0.01459,0.0096407,0.0087594,0.0087594,0.016459
154,0.029766,0.031862,0.0092812,0.9497,0.88903,0.9584,0.71902,0.022272,0.014254,0.011313,0.0088102,0.0088102,0.01591
155,0.026842,0.028699,0.0093881,0.94353,0.92852,0.96555,0.76562,0.018145,0.013551,0.0092041,0.0088609,0.0088609,0.015361
156,0.026856,0.032624,0.0096795,0.90638,0.89593,0.95745,0.76707,0.018786,0.0143,0.012061,0.0089116,0.0089116,0.014812
157,0.025173,0.030298,0.0088895,0.90258,0.92286,0.96599,0.77752,0.01885,0.013871,0.012603,0.0089621,0.0089621,0.014262
158,0.028604,0.033807,0.0090338,0.90269,0.90812,0.95372,0.74244,0.018905,0.014459,0.0082548,0.0090124,0.0090124,0.013712
159,0.025741,0.030037,0.0086414,0.97316,0.92333,0.98175,0.76944,0.019559,0.013885,0.0070061,0.0090627,0.0090627,0.013163
160,0.031849,0.029851,0.009681,0.91656,0.9389,0.97328,0.75576,0.02171,0.014047,0.0045811,0.0091129,0.0091129,0.012613
161,0.026809,0.027374,0.011487,0.96222,0.9802,0.9922,0.76935,0.021301,0.014111,0.0050078,0.0091629,0.0091629,0.012063
162,0.02688,0.027457,0.0093881,0.93783,0.93147,0.9819,0.78829,0.018563,0.014573,0.0071616,0.0092128,0.0092128,0.011513
163,0.026611,0.029257,0.0092853,0.97071,0.96293,0.98673,0.78019,0.019359,0.014178,0.0047776,0.0092626,0.0092626,0.010963
164,0.029543,0.028027,0.0081726,0.82893,0.8537,0.91464,0.68703,0.02169,0.015933,0.014163,0.0093123,0.0093123,0.010412
165,0.025485,0.028235,0.0089866,0.85292,0.87209,0.93142,0.71972,0.019418,0.014785,0.0105,0.0093618,0.0093618,0.0098618
166,0.024927,0.028062,0.0080525,0.86381,0.94641,0.95036,0.74502,0.0194,0.014211,0.0071249,0.0094018,0.0094018,0.0094018
167,0.025082,0.02708,0.0098506,0.89357,0.91668,0.95073,0.76599,0.018908,0.014208,0.0049497,0.0094018,0.0094018,0.0094018
168,0.029744,0.02959,0.0087687,0.96159,0.9685,0.98328,0.77794,0.01956,0.014038,0.004055,0.0093948,0.0093948,0.0093948
169,0.02641,0.029522,0.0095478,0.89031,0.94653,0.95316,0.75579,0.018401,0.013613,0.0071795,0.0093877,0.0093877,0.0093877
170,0.023093,0.028293,0.008413,0.96741,0.96127,0.97958,0.81355,0.015959,0.013124,0.0035596,0.0093805,0.0093805,0.0093805
171,0.027908,0.027901,0.0075473,0.96746,0.95208,0.98234,0.7796,0.018415,0.014226,0.0050726,0.0093733,0.0093733,0.0093733
172,0.026651,0.031501,0.0081322,0.93046,0.93165,0.98359,0.77629,0.019893,0.014535,0.0053081,0.0093661,0.0093661,0.0093661
173,0.025535,0.027568,0.0081938,0.93635,0.95431,0.97921,0.78539,0.018048,0.013983,0.0063299,0.0093589,0.0093589,0.0093589
174,0.02538,0.026124,0.0076308,0.955,0.95264,0.98688,0.81972,0.01869,0.013657,0.0077837,0.0093516,0.0093516,0.0093516
175,0.023939,0.026013,0.0083055,0.97114,0.97,0.98963,0.80154,0.016967,0.013674,0.0036559,0.0093442,0.0093442,0.0093442
176,0.026523,0.026979,0.0088773,0.9089,0.94038,0.97781,0.76555,0.018088,0.014107,0.010759,0.0093369,0.0093369,0.0093369
177,0.023176,0.028159,0.0082808,0.89685,0.89681,0.96392,0.78517,0.016119,0.012953,0.01235,0.0093295,0.0093295,0.0093295
178,0.027265,0.027766,0.0072008,0.92849,0.90397,0.9704,0.73006,0.022498,0.014525,0.0098383,0.009322,0.009322,0.009322
179,0.023586,0.028146,0.0088026,0.94446,0.92762,0.97874,0.78412,0.016729,0.013448,0.0060944,0.0093146,0.0093146,0.0093146
180,0.022512,0.026219,0.0088744,0.98736,0.96926,0.99415,0.83626,0.01673,0.013282,0.0037054,0.009307,0.009307,0.009307
181,0.023886,0.028614,0.0071888,0.98103,0.98759,0.99438,0.76827,0.018347,0.01394,0.003389,0.0092995,0.0092995,0.0092995
182,0.02425,0.029556,0.0068592,0.94455,0.9618,0.98292,0.76931,0.017731,0.013974,0.0044259,0.0092919,0.0092919,0.0092919
183,0.023611,0.029123,0.0073426,0.97759,0.9731,0.99076,0.82982,0.015629,0.013141,0.0041132,0.0092843,0.0092843,0.0092843
184,0.022415,0.027554,0.0082494,0.9258,0.9546,0.98184,0.72954,0.019996,0.013999,0.0061812,0.0092766,0.0092766,0.0092766
185,0.024375,0.029541,0.0076314,0.90229,0.8515,0.94458,0.752,0.019506,0.013882,0.014744,0.0092689,0.0092689,0.0092689
186,0.023263,0.027688,0.0076042,0.98084,0.92909,0.97953,0.82162,0.015641,0.012953,0.0058865,0.0092611,0.0092611,0.0092611
187,0.024629,0.028025,0.0070731,0.9831,0.97944,0.9946,0.83099,0.015921,0.012439,0.0028569,0.0092534,0.0092534,0.0092534
188,0.021695,0.024842,0.0078366,0.98771,0.97414,0.99395,0.84122,0.014739,0.0122,0.0029721,0.0092455,0.0092455,0.0092455
189,0.023399,0.026764,0.0076412,0.98901,0.96925,0.9937,0.83353,0.015567,0.012711,0.0029687,0.0092377,0.0092377,0.0092377
190,0.022111,0.030678,0.0062029,0.98226,0.96843,0.99176,0.82732,0.014916,0.012603,0.0026407,0.0092298,0.0092298,0.0092298
191,0.021072,0.025824,0.0080963,0.96865,0.92747,0.9856,0.83386,0.014409,0.012573,0.0041678,0.0092219,0.0092219,0.0092219
192,0.022665,0.02822,0.0071018,0.98754,0.97592,0.99413,0.82956,0.015344,0.012295,0.0027465,0.0092139,0.0092139,0.0092139
193,0.021161,0.025725,0.0067796,0.97074,0.9857,0.99377,0.84313,0.0151,0.01221,0.0033965,0.0092059,0.0092059,0.0092059
194,0.025724,0.027547,0.0063417,0.98436,0.9773,0.99189,0.82732,0.017883,0.012869,0.0024183,0.0091979,0.0091979,0.0091979
195,0.022207,0.026608,0.007513,0.97848,0.98803,0.99094,0.8464,0.014892,0.012185,0.0023345,0.0091898,0.0091898,0.0091898
196,0.021441,0.027679,0.0061619,0.9894,0.9972,0.99315,0.84711,0.015449,0.012439,0.0019431,0.0091817,0.0091817,0.0091817
197,0.022611,0.026531,0.006248,0.98947,0.97809,0.99067,0.84255,0.014586,0.011921,0.0024597,0.0091735,0.0091735,0.0091735
198,0.021949,0.027148,0.0057474,0.98788,0.98316,0.99218,0.84586,0.015373,0.012224,0.0026616,0.0091653,0.0091653,0.0091653
199,0.023638,0.025761,0.0075223,0.96007,0.95339,0.98628,0.83757,0.014498,0.012537,0.0045076,0.0091571,0.0091571,0.0091571
200,0.023645,0.02671,0.0067686,0.9716,0.97311,0.99331,0.81564,0.017868,0.012981,0.0036767,0.0091489,0.0091489,0.0091489
201,0.023546,0.02691,0.0066467,0.94905,0.95457,0.97912,0.83291,0.014963,0.013683,0.0059749,0.0091406,0.0091406,0.0091406
202,0.022652,0.028632,0.0071467,0.98119,0.97709,0.99106,0.85349,0.01535,0.013094,0.003354,0.0091322,0.0091322,0.0091322
203,0.019859,0.023548,0.0071056,0.99124,0.98363,0.99476,0.86123,0.013491,0.012669,0.0026488,0.0091239,0.0091239,0.0091239
204,0.021748,0.025633,0.0064944,0.98862,0.9838,0.99381,0.86003,0.01445,0.01191,0.0027004,0.0091155,0.0091155,0.0091155
205,0.023416,0.029841,0.0057027,0.99195,0.98256,0.99397,0.85789,0.014679,0.012124,0.0041343,0.0091071,0.0091071,0.0091071
206,0.020008,0.024261,0.0059,0.98349,0.98971,0.9933,0.83576,0.014756,0.011711,0.0029327,0.0090986,0.0090986,0.0090986
207,0.025176,0.028089,0.0054184,0.98597,0.98763,0.99392,0.79121,0.018163,0.012519,0.0025612,0.0090901,0.0090901,0.0090901
208,0.020699,0.026384,0.0061878,0.98253,0.977,0.99395,0.85972,0.014513,0.011761,0.0088931,0.0090815,0.0090815,0.0090815
209,0.020905,0.023904,0.0065882,0.96213,0.97708,0.98799,0.83381,0.016298,0.011925,0.0095388,0.009073,0.009073,0.009073
210,0.020791,0.02497,0.0063547,0.96886,0.96893,0.98897,0.85145,0.01528,0.011976,0.0090047,0.0090643,0.0090643,0.0090643
211,0.022467,0.026248,0.0069328,0.97694,0.97878,0.9913,0.83162,0.016844,0.012741,0.0056491,0.0090557,0.0090557,0.0090557
212,0.021951,0.025261,0.0064681,0.9763,0.97844,0.9921,0.84074,0.014506,0.012096,0.002834,0.009047,0.009047,0.009047
213,0.019394,0.026714,0.0050982,0.98368,0.95452,0.99342,0.86697,0.012514,0.011387,0.0025445,0.0090383,0.0090383,0.0090383
214,0.020983,0.023816,0.0062186,0.97042,0.97338,0.98655,0.83899,0.014498,0.011748,0.0031383,0.0090295,0.0090295,0.0090295
215,0.021703,0.025378,0.0059296,0.95242,0.97604,0.98476,0.84498,0.013565,0.011733,0.0036044,0.0090208,0.0090208,0.0090208
216,0.020632,0.025713,0.0058751,0.98681,0.98649,0.9934,0.84963,0.014956,0.011373,0.0021605,0.0090119,0.0090119,0.0090119
217,0.020568,0.024225,0.0060211,0.97551,0.99322,0.99401,0.87274,0.013467,0.011363,0.0021748,0.0090031,0.0090031,0.0090031
218,0.026142,0.02693,0.0062159,0.99573,0.99154,0.99492,0.82927,0.016017,0.012361,0.0018566,0.0089942,0.0089942,0.0089942
219,0.023654,0.025626,0.0059625,0.99636,0.99625,0.995,0.86589,0.014777,0.011605,0.0017388,0.0089853,0.0089853,0.0089853
220,0.019714,0.0253,0.0053965,0.99947,0.98968,0.99491,0.88171,0.012998,0.011528,0.001733,0.0089763,0.0089763,0.0089763
221,0.021734,0.026895,0.005549,0.99284,0.99671,0.99476,0.88119,0.013663,0.011323,0.0017934,0.0089673,0.0089673,0.0089673
222,0.022854,0.02635,0.0066099,0.99239,0.99614,0.99451,0.88865,0.013546,0.011248,0.0017414,0.0089583,0.0089583,0.0089583
223,0.020977,0.024117,0.0063397,0.98334,0.99129,0.99497,0.85992,0.014531,0.01147,0.0019865,0.0089492,0.0089492,0.0089492
224,0.019589,0.025031,0.0050655,0.99441,0.99463,0.99485,0.86486,0.01312,0.010919,0.0018342,0.0089401,0.0089401,0.0089401
225,0.021839,0.025075,0.0060325,0.9754,0.98984,0.99367,0.87355,0.014429,0.011433,0.0042828,0.008931,0.008931,0.008931
226,0.020581,0.025917,0.0052213,0.96889,0.98901,0.99144,0.87625,0.012154,0.011181,0.002788,0.0089218,0.0089218,0.0089218
227,0.021562,0.028259,0.0052654,0.9733,0.99119,0.99327,0.85066,0.014919,0.01152,0.002264,0.0089126,0.0089126,0.0089126
228,0.019302,0.023947,0.0052727,0.98038,0.98138,0.99281,0.88447,0.01214,0.011237,0.0021999,0.0089034,0.0089034,0.0089034
229,0.018625,0.023477,0.0055405,0.98155,0.9866,0.99259,0.84546,0.013596,0.01142,0.0020078,0.0088941,0.0088941,0.0088941
230,0.020129,0.0264,0.0051682,0.98268,0.98054,0.98795,0.86435,0.012741,0.011417,0.0020712,0.0088848,0.0088848,0.0088848
231,0.019221,0.029033,0.0048293,0.98972,0.98176,0.99104,0.8836,0.011214,0.010783,0.0018155,0.0088755,0.0088755,0.0088755
232,0.016793,0.022515,0.0052616,0.98928,0.98752,0.99303,0.87947,0.012149,0.011116,0.0017887,0.0088661,0.0088661,0.0088661
233,0.020266,0.026371,0.0055272,0.98532,0.98679,0.99318,0.88511,0.012414,0.010843,0.0019279,0.0088567,0.0088567,0.0088567
234,0.019029,0.025066,0.0049502,0.98116,0.98115,0.99061,0.88138,0.013259,0.011038,0.002321,0.0088473,0.0088473,0.0088473
235,0.019125,0.024477,0.0049554,0.95144,0.96746,0.98594,0.87067,0.012397,0.011113,0.0041041,0.0088378,0.0088378,0.0088378
236,0.018683,0.023284,0.0053573,0.97382,0.97938,0.98967,0.86063,0.012401,0.0111,0.002811,0.0088283,0.0088283,0.0088283
237,0.018042,0.024365,0.0045241,0.99607,0.99207,0.995,0.867,0.012286,0.010793,0.001699,0.0088188,0.0088188,0.0088188
238,0.021148,0.026566,0.0048627,0.99175,0.99308,0.99224,0.87616,0.013022,0.011018,0.0018603,0.0088092,0.0088092,0.0088092
239,0.019353,0.024416,0.0052688,0.99564,0.99458,0.995,0.89628,0.012924,0.010594,0.0016066,0.0087996,0.0087996,0.0087996
240,0.01772,0.02452,0.0048935,0.99616,0.99054,0.99491,0.88953,0.012824,0.010504,0.0015977,0.00879,0.00879,0.00879
241,0.018673,0.024235,0.0057903,0.99402,0.99028,0.99498,0.89847,0.011107,0.00985,0.0017902,0.0087804,0.0087804,0.0087804
242,0.020369,0.024844,0.0046151,0.99456,0.98927,0.99475,0.89413,0.011655,0.010122,0.0017951,0.0087707,0.0087707,0.0087707
243,0.018385,0.021918,0.0057527,0.99352,0.99409,0.99483,0.8801,0.012285,0.010073,0.0015984,0.0087609,0.0087609,0.0087609
244,0.017388,0.022852,0.0059274,0.99676,0.99243,0.99478,0.89315,0.011482,0.01,0.001529,0.0087512,0.0087512,0.0087512
245,0.017384,0.021909,0.0058635,0.97478,0.98402,0.99353,0.87824,0.012577,0.011119,0.0024825,0.0087414,0.0087414,0.0087414
246,0.019295,0.024077,0.0055677,0.98051,0.97504,0.99355,0.87984,0.011821,0.010871,0.0028989,0.0087316,0.0087316,0.0087316
247,0.017947,0.024204,0.0054866,0.99696,0.99232,0.99498,0.88588,0.012138,0.010717,0.0015812,0.0087217,0.0087217,0.0087217
248,0.019304,0.024275,0.0053279,0.99098,0.9759,0.99326,0.8833,0.013434,0.011516,0.0025767,0.0087118,0.0087118,0.0087118
249,0.017762,0.023318,0.0049392,0.98721,0.99132,0.99397,0.88577,0.011906,0.010518,0.0027718,0.0087019,0.0087019,0.0087019
250,0.016786,0.023014,0.0049907,0.97698,0.98961,0.9931,0.8731,0.011711,0.010684,0.0032397,0.008692,0.008692,0.008692
251,0.01778,0.02462,0.0045879,0.96459,0.98397,0.98946,0.85189,0.012741,0.011615,0.0035076,0.008682,0.008682,0.008682
252,0.017276,0.022514,0.0052315,0.93868,0.93019,0.98207,0.87222,0.01263,0.011419,0.0050466,0.008672,0.008672,0.008672
253,0.019973,0.024599,0.0045449,0.97132,0.97606,0.99167,0.8703,0.013088,0.010944,0.0025102,0.0086619,0.0086619,0.0086619
254,0.016394,0.023502,0.0047292,0.99626,0.99519,0.99499,0.87362,0.012477,0.011007,0.0016805,0.0086519,0.0086519,0.0086519
255,0.018326,0.024508,0.0045682,0.99805,0.99202,0.99492,0.8844,0.012753,0.010874,0.0013486,0.0086417,0.0086417,0.0086417
256,0.019221,0.024787,0.0045551,0.99807,0.9956,0.995,0.8919,0.012057,0.010402,0.0011522,0.0086316,0.0086316,0.0086316
257,0.017569,0.022023,0.0029762,0.99808,0.99447,0.995,0.90023,0.011799,0.010323,0.0013721,0.0086214,0.0086214,0.0086214
